"last_name, first_name",arm_angle,ff_avg_speed
"Abbott, Andrew",49.25,92.65
"Anderson, Tyler",48.70000000000001,90.26666666666667
"Ashcraft, Braxton",38.0,97.2
"Bassitt, Chris",37.86,92.6
"Bauer, Trevor",41.1,93.5
"Baz, Shane",37.05,96.5
"Bello, Brayan",30.5,95.4
"Bibee, Tanner",53.4,94.33333333333333
"Boyd, Matthew",27.3,92.5
"Bradish, Kyle",53.35,94.25
"Bradley, Taj",56.1,97.0
"Brown, Hunter",56.75,96.3
"Buehler, Walker",50.7,95.3
"Bundy, Dylan",51.0,90.0
"Burke, Sean",40.7,94.9
"Burns, Chase",52.7,97.7
"Cameron, Noah",52.2,92.5
"Canning, Griffin",45.2,93.4
"Cantillo, Joey",51.1,92.1
"Carrasco, Carlos",35.6,93.7
"Castillo, Luis",17.380000000000003,96.28
"Cavalli, Cade",36.2,96.8
"Cease, Dylan",53.1,96.73333333333333
"Civale, Aaron",46.9,91.2
"Corbin, Patrick",42.375,91.35
"Cortes, Nestor",47.1,92.1
"Crawford, Kutter",47.7,92.6
"Crochet, Garrett",35.0,96.4
"Cueto, Johnny",32.6,91.4
"Darvish, Yu",43.666666666666664,95.13333333333333
"Davies, Zach",38.8,88.7
"DeSclafani, Anthony",40.7,94.1
"Detmers, Reid",41.3,94.1
"Dunning, Dane",37.6,90.6
"Elder, Bryce",50.65,91.65
"Eovaldi, Nathan",35.53333333333333,95.56666666666666
"Fedde, Erick",37.3,93.3
"Feltner, Ryan",42.0,94.6
"Flaherty, Jack",28.3,93.3
"Flexen, Chris",67.2,92.7
"Freeland, Kyle",27.7,91.36666666666667
"Fried, Max",49.65,94.45
"Gallen, Zac",42.95,93.575
"Gausman, Kevin",38.25,94.46666666666665
"Gibson, Kyle",44.260000000000005,92.14
"Gilbert, Logan",47.25,96.125
"Gomber, Austin",53.1,90.4
"Gonzales, Marco",42.9,88.45
"Gore, MacKenzie",47.5,95.7
"Gray, Sonny",47.975,92.17500000000001
"Greinke, Zack",47.55,88.5
"Griffin, Foster",44.9,91.5
"Heaney, Andrew",33.2,91.5
"Hendricks, Kyle",46.46666666666667,87.06666666666666
"Holmes, Clay",43.6,93.2
"Imanaga, Shota",39.15,91.7
"Irvin, Cole",44.8,90.75
"Irvin, Jake",27.85,93.15
"Javier, Cristian",38.5,92.7
"Keller, Mitch",37.166666666666664,94.60000000000001
"Kelly, Merrill",25.733333333333334,92.23333333333333
"Keuchel, Dallas",47.95,88.65
"Kikuchi, Yusei",40.13333333333333,95.13333333333333
"King, Michael",26.95,93.85
"Kirby, George",35.26666666666667,96.23333333333333
"Kluber, Corey",32.0,88.9
"Kremer, Dean",40.4,93.94999999999999
"Lamet, Dinelson",45.0,97.0
"Lester, Jon",36.7,89.4
"Littell, Zack",39.4,92.1
"Lugo, Seth",30.85,91.9
"Luzardo, Jesús",32.5,96.73333333333333
"Lyles, Jordan",44.0,92.0
"Lynn, Lance",32.85,93.2
"López, Pablo",34.666666666666664,94.46666666666665
"Maeda, Kenta",37.4,91.6
"Mahle, Tyler",39.8,94.0
"Manaea, Sean",27.45,92.2
"Manoah, Alek",38.2,93.9
"Martin, Davis",35.9,93.9
"Martinez, Nick",56.45,92.69999999999999
"McClanahan, Shane",39.0,96.7
"McGreevy, Michael",33.2,91.8
"McKenzie, Triston",51.9,92.5
"McLean, Nolan",31.0,96.1
"Messick, Parker",42.1,94.2
"Mikolas, Miles",46.26666666666667,93.33333333333333
"Miley, Wade",54.1,89.9
"Miller, Bryce",43.1,95.2
"Mills, Alec",32.2,89.8
"Misiorowski, Jacob",29.9,100.6
"Morton, Charlie",21.6,94.85
"Musgrove, Joe",36.25,93.1
"Márquez, Germán",37.26666666666667,95.43333333333334
"Nola, Aaron",20.96666666666667,92.66666666666667
"Ober, Bailey",35.0,91.7
"Ohtani, Shohei",38.6,97.3
"Oviedo, Johan",30.2,95.8
"Pallante, Andre",57.5,94.85
"Parker, Mitchell",60.9,93.0
"Pepiot, Ryan",41.3,95.2
"Peralta, Freddy",35.975,94.425
"Peterson, David",40.4,92.3
"Pfaadt, Brandon",27.299999999999997,93.69999999999999
"Pivetta, Nick",55.7,93.6
"Pérez, Martín",43.650000000000006,92.55000000000001
"Quantrill, Cal",45.0,93.9
"Quintana, Jose",44.55,90.95
"Ragans, Cole",45.1,95.4
"Rasmussen, Drew",52.6,96.0
"Rea, Colin",32.05,93.35
"Rodriguez, Eduardo",43.3,92.0
"Rodón, Carlos",46.199999999999996,95.0
"Roupp, Landen",23.6,92.9
"Ryan, Joe",24.450000000000003,93.55000000000001
"Ryu, Hyun Jin",39.8,89.8
"Sale, Chris",10.8,95.44999999999999
"Scherzer, Max",27.2,94.5
"Schlittler, Cam",43.5,97.9
"Sears, JP",22.2,92.5
"Senga, Kodai",47.6,95.7
"Senzatela, Antonio",41.1,94.3
"Severino, Luis",40.2,96.15
"Singer, Brady",29.46666666666667,91.96666666666665
"Skenes, Paul",24.5,97.55000000000001
"Skubal, Tarik",48.849999999999994,97.25
"Snell, Blake",57.5,95.5
"Soriano, José",35.3,97.55000000000001
"Springs, Jeffrey",43.2,90.7
"Stroman, Marcus",38.9,92.6
"Taillon, Jameson",44.15,93.15
"Urquidy, José",52.8,93.5
"Urías, Julio",44.95,93.6
"Valdez, Framber",43.166666666666664,94.56666666666666
"Verlander, Justin",53.75,94.65
"Wacha, Michael",51.86666666666667,93.23333333333333
"Wainwright, Adam",45.6,88.73333333333333
"Walker, Taijuan",39.9,92.8
"Warren, Will",27.3,93.3
"Weathers, Ryan",33.0,95.8
"Webb, Logan",20.2,92.52
"Wheeler, Zack",32.7,96.3
"Williams, Gavin",33.35,96.94999999999999
"Woo, Bryan",24.450000000000003,95.80000000000001
"Woodruff, Brandon",42.7,96.55
"Wright, Kyle",28.7,95.2
"Wrobleski, Justin",35.9,94.3
"Yamamoto, Yoshinobu",41.599999999999994,95.7
